EstCod,Par,Tec,Pe,Datum,NO2
28079004,8,8,2,lun 01-09 00,23
28079004,8,8,2,lun 01-09 01,13
28079004,8,8,2,lun 01-09 02,8
28079004,8,8,2,lun 01-09 03,6
28079004,8,8,2,lun 01-09 04,6
28079004,8,8,2,lun 01-09 05,7
28079004,8,8,2,lun 01-09 06,13
28079004,8,8,2,lun 01-09 07,34
28079004,8,8,2,lun 01-09 08,47
28079004,8,8,2,lun 01-09 09,46
28079004,8,8,2,lun 01-09 10,46
28079004,8,8,2,lun 01-09 11,37
28079004,8,8,2,lun 01-09 12,52
28079004,8,8,2,lun 01-09 13,42
28079004,8,8,2,lun 01-09 14,29
28079004,8,8,2,lun 01-09 15,26
28079004,8,8,2,lun 01-09 16,25
28079004,8,8,2,lun 01-09 17,24
28079004,8,8,2,lun 01-09 18,28
28079004,8,8,2,lun 01-09 19,36
28079004,8,8,2,lun 01-09 20,76
28079004,8,8,2,lun 01-09 21,109
28079004,8,8,2,lun 01-09 22,108
28079004,8,8,2,lun 01-09 23,98
28079004,8,8,2,mar 02-09 00,91
28079004,8,8,2,mar 02-09 01,29
28079004,8,8,2,mar 02-09 02,13
28079004,8,8,2,mar 02-09 03,14
28079004,8,8,2,mar 02-09 04,32
28079004,8,8,2,mar 02-09 05,39
28079004,8,8,2,mar 02-09 06,55
28079004,8,8,2,mar 02-09 07,74
28079004,8,8,2,mar 02-09 08,69
28079004,8,8,2,mar 02-09 09,55
28079004,8,8,2,mar 02-09 10,55
28079004,8,8,2,mar 02-09 11,59
28079004,8,8,2,mar 02-09 12,69
28079004,8,8,2,mar 02-09 13,48
28079004,8,8,2,mar 02-09 14,33
28079004,8,8,2,mar 02-09 15,26
28079004,8,8,2,mar 02-09 16,26
28079004,8,8,2,mar 02-09 17,26
28079004,8,8,2,mar 02-09 18,33
28079004,8,8,2,mar 02-09 19,50
28079004,8,8,2,mar 02-09 20,41
28079004,8,8,2,mar 02-09 21,42
28079004,8,8,2,mar 02-09 22,39
28079004,8,8,2,mar 02-09 23,15
28079004,8,8,2,mié 03-09 00,12
28079004,8,8,2,mié 03-09 01,12
28079004,8,8,2,mié 03-09 02,23
28079004,8,8,2,mié 03-09 03,22
28079004,8,8,2,mié 03-09 04,31
28079004,8,8,2,mié 03-09 05,44
28079004,8,8,2,mié 03-09 06,55
28079004,8,8,2,mié 03-09 07,64
28079004,8,8,2,mié 03-09 08,82
28079004,8,8,2,mié 03-09 09,86
28079004,8,8,2,mié 03-09 10,78
28079004,8,8,2,mié 03-09 11,77
28079004,8,8,2,mié 03-09 12,40
28079004,8,8,2,mié 03-09 13,29
28079004,8,8,2,mié 03-09 14,27
28079004,8,8,2,mié 03-09 15,21
28079004,8,8,2,mié 03-09 16,21
28079004,8,8,2,mié 03-09 17,23
28079004,8,8,2,mié 03-09 18,23
28079004,8,8,2,mié 03-09 19,21
28079004,8,8,2,mié 03-09 20,30
28079004,8,8,2,mié 03-09 21,30
28079004,8,8,2,mié 03-09 22,27
28079004,8,8,2,mié 03-09 23,24
28079004,8,8,2,jue 04-09 00,18
28079004,8,8,2,jue 04-09 01,13
28079004,8,8,2,jue 04-09 02,12
28079004,8,8,2,jue 04-09 03,8
28079004,8,8,2,jue 04-09 04,6
28079004,8,8,2,jue 04-09 05,7
28079004,8,8,2,jue 04-09 06,10
28079004,8,8,2,jue 04-09 07,37
28079004,8,8,2,jue 04-09 08,39
28079004,8,8,2,jue 04-09 09,37
28079004,8,8,2,jue 04-09 10,26
28079004,8,8,2,jue 04-09 11,26
28079004,8,8,2,jue 04-09 12,26
28079004,8,8,2,jue 04-09 13,23
28079004,8,8,2,jue 04-09 14,21
28079004,8,8,2,jue 04-09 15,17
28079004,8,8,2,jue 04-09 16,18
28079004,8,8,2,jue 04-09 17,24
28079004,8,8,2,jue 04-09 18,31
28079004,8,8,2,jue 04-09 19,47
28079004,8,8,2,jue 04-09 20,36
28079004,8,8,2,jue 04-09 21,36
28079004,8,8,2,jue 04-09 22,37
28079004,8,8,2,jue 04-09 23,42
28079004,8,8,2,vie 05-09 00,21
28079004,8,8,2,vie 05-09 01,24
28079004,8,8,2,vie 05-09 02,32
28079004,8,8,2,vie 05-09 03,27
28079004,8,8,2,vie 05-09 04,35
28079004,8,8,2,vie 05-09 05,40
28079004,8,8,2,vie 05-09 06,51
28079004,8,8,2,vie 05-09 07,49
28079004,8,8,2,vie 05-09 08,65
28079004,8,8,2,vie 05-09 09,56
28079004,8,8,2,vie 05-09 10,77
28079004,8,8,2,vie 05-09 11,64
28079004,8,8,2,vie 05-09 12,61
28079004,8,8,2,vie 05-09 13,34
28079004,8,8,2,vie 05-09 14,26
28079004,8,8,2,vie 05-09 15,25
28079004,8,8,2,vie 05-09 16,23
28079004,8,8,2,vie 05-09 17,24
28079004,8,8,2,vie 05-09 18,25
28079004,8,8,2,vie 05-09 19,39
28079004,8,8,2,vie 05-09 20,68
28079004,8,8,2,vie 05-09 21,63
28079004,8,8,2,vie 05-09 22,45
28079004,8,8,2,vie 05-09 23,25
28079004,8,8,2,sáb 06-09 00,23
28079004,8,8,2,sáb 06-09 01,22
28079004,8,8,2,sáb 06-09 02,32
28079004,8,8,2,sáb 06-09 03,23
28079004,8,8,2,sáb 06-09 04,36
28079004,8,8,2,sáb 06-09 05,35
28079004,8,8,2,sáb 06-09 06,20
28079004,8,8,2,sáb 06-09 07,38
28079004,8,8,2,sáb 06-09 08,42
28079004,8,8,2,sáb 06-09 09,33
28079004,8,8,2,sáb 06-09 10,25
28079004,8,8,2,sáb 06-09 11,40
28079004,8,8,2,sáb 06-09 12,24
28079004,8,8,2,sáb 06-09 13,17
28079004,8,8,2,sáb 06-09 14,15
28079004,8,8,2,sáb 06-09 15,11
28079004,8,8,2,sáb 06-09 16,10
28079004,8,8,2,sáb 06-09 17,14
28079004,8,8,2,sáb 06-09 18,18
28079004,8,8,2,sáb 06-09 19,27
28079004,8,8,2,sáb 06-09 20,34
28079004,8,8,2,sáb 06-09 21,44
28079004,8,8,2,sáb 06-09 22,45
28079004,8,8,2,sáb 06-09 23,54
28079004,8,8,2,dom 07-09 00,52
28079004,8,8,2,dom 07-09 01,48
28079004,8,8,2,dom 07-09 02,56
28079004,8,8,2,dom 07-09 03,45
28079004,8,8,2,dom 07-09 04,41
28079004,8,8,2,dom 07-09 05,43
28079004,8,8,2,dom 07-09 06,41
28079004,8,8,2,dom 07-09 07,37
28079004,8,8,2,dom 07-09 08,34
28079004,8,8,2,dom 07-09 09,31
28079004,8,8,2,dom 07-09 10,36
28079004,8,8,2,dom 07-09 11,27
28079004,8,8,2,dom 07-09 12,21
28079004,8,8,2,dom 07-09 13,16
28079004,8,8,2,dom 07-09 14,10
28079004,8,8,2,dom 07-09 15,8
28079004,8,8,2,dom 07-09 16,8
28079004,8,8,2,dom 07-09 17,9
28079004,8,8,2,dom 07-09 18,14
28079004,8,8,2,dom 07-09 19,14
28079004,8,8,2,dom 07-09 20,17
28079004,8,8,2,dom 07-09 21,24
28079004,8,8,2,dom 07-09 22,33
28079004,8,8,2,dom 07-09 23,34
28079004,8,8,2,lun 08-09 00,26
28079004,8,8,2,lun 08-09 01,14
28079004,8,8,2,lun 08-09 02,14
28079004,8,8,2,lun 08-09 03,8
28079004,8,8,2,lun 08-09 04,15
28079004,8,8,2,lun 08-09 05,32
28079004,8,8,2,lun 08-09 06,46
28079004,8,8,2,lun 08-09 07,53
28079004,8,8,2,lun 08-09 08,58
28079004,8,8,2,lun 08-09 09,64
28079004,8,8,2,lun 08-09 10,67
28079004,8,8,2,lun 08-09 11,31
28079004,8,8,2,lun 08-09 12,32
28079004,8,8,2,lun 08-09 13,29
28079004,8,8,2,lun 08-09 14,16
28079004,8,8,2,lun 08-09 15,21
28079004,8,8,2,lun 08-09 16,23
28079004,8,8,2,lun 08-09 17,22
28079004,8,8,2,lun 08-09 18,24
28079004,8,8,2,lun 08-09 19,37
28079004,8,8,2,lun 08-09 20,48
28079004,8,8,2,lun 08-09 21,42
28079004,8,8,2,lun 08-09 22,35
28079004,8,8,2,lun 08-09 23,27
28079004,8,8,2,mar 09-09 00,20
28079004,8,8,2,mar 09-09 01,26
28079004,8,8,2,mar 09-09 02,32
28079004,8,8,2,mar 09-09 03,35
28079004,8,8,2,mar 09-09 04,12
28079004,8,8,2,mar 09-09 05,9
28079004,8,8,2,mar 09-09 06,16
28079004,8,8,2,mar 09-09 07,45
28079004,8,8,2,mar 09-09 08,69
28079004,8,8,2,mar 09-09 09,63
28079004,8,8,2,mar 09-09 10,55
28079004,8,8,2,mar 09-09 11,42
28079004,8,8,2,mar 09-09 12,42
28079004,8,8,2,mar 09-09 13,33
28079004,8,8,2,mar 09-09 14,28
28079004,8,8,2,mar 09-09 15,32
28079004,8,8,2,mar 09-09 16,29
28079004,8,8,2,mar 09-09 17,23
28079004,8,8,2,mar 09-09 18,28
28079004,8,8,2,mar 09-09 19,36
28079004,8,8,2,mar 09-09 20,75
28079004,8,8,2,mar 09-09 21,114
28079004,8,8,2,mar 09-09 22,114
28079004,8,8,2,mar 09-09 23,105
28079004,8,8,2,mié 10-09 00,91
28079004,8,8,2,mié 10-09 01,76
28079004,8,8,2,mié 10-09 02,65
28079004,8,8,2,mié 10-09 03,24
28079004,8,8,2,mié 10-09 04,27
28079004,8,8,2,mié 10-09 05,47
28079004,8,8,2,mié 10-09 06,54
28079004,8,8,2,mié 10-09 07,64
28079004,8,8,2,mié 10-09 08,86
28079004,8,8,2,mié 10-09 09,82
28079004,8,8,2,mié 10-09 10,63
28079004,8,8,2,mié 10-09 11,51
28079004,8,8,2,mié 10-09 12,52
28079004,8,8,2,mié 10-09 13,33
28079004,8,8,2,mié 10-09 14,28
28079004,8,8,2,mié 10-09 15,24
28079004,8,8,2,mié 10-09 16,0
28079004,8,8,2,mié 10-09 17,0
28079004,8,8,2,mié 10-09 18,36
28079004,8,8,2,mié 10-09 19,48
28079004,8,8,2,mié 10-09 20,42
28079004,8,8,2,mié 10-09 21,44
28079004,8,8,2,mié 10-09 22,42
28079004,8,8,2,mié 10-09 23,19
28079004,8,8,2,jue 11-09 00,23
28079004,8,8,2,jue 11-09 01,27
28079004,8,8,2,jue 11-09 02,24
28079004,8,8,2,jue 11-09 03,10
28079004,8,8,2,jue 11-09 04,6
28079004,8,8,2,jue 11-09 05,9
28079004,8,8,2,jue 11-09 06,15
28079004,8,8,2,jue 11-09 07,40
28079004,8,8,2,jue 11-09 08,42
28079004,8,8,2,jue 11-09 09,36
28079004,8,8,2,jue 11-09 10,33
28079004,8,8,2,jue 11-09 11,25
28079004,8,8,2,jue 11-09 12,19
28079004,8,8,2,jue 11-09 13,19
28079004,8,8,2,jue 11-09 14,18
28079004,8,8,2,jue 11-09 15,19
28079004,8,8,2,jue 11-09 16,16
28079004,8,8,2,jue 11-09 17,17
28079004,8,8,2,jue 11-09 18,24
28079004,8,8,2,jue 11-09 19,29
28079004,8,8,2,jue 11-09 20,29
28079004,8,8,2,jue 11-09 21,36
28079004,8,8,2,jue 11-09 22,31
28079004,8,8,2,jue 11-09 23,22
28079004,8,8,2,vie 12-09 00,19
28079004,8,8,2,vie 12-09 01,16
28079004,8,8,2,vie 12-09 02,13
28079004,8,8,2,vie 12-09 03,13
28079004,8,8,2,vie 12-09 04,7
28079004,8,8,2,vie 12-09 05,14
28079004,8,8,2,vie 12-09 06,43
28079004,8,8,2,vie 12-09 07,64
28079004,8,8,2,vie 12-09 08,72
28079004,8,8,2,vie 12-09 09,73
28079004,8,8,2,vie 12-09 10,60
28079004,8,8,2,vie 12-09 11,59
28079004,8,8,2,vie 12-09 12,43
28079004,8,8,2,vie 12-09 13,40
28079004,8,8,2,vie 12-09 14,23
28079004,8,8,2,vie 12-09 15,22
28079004,8,8,2,vie 12-09 16,22
28079004,8,8,2,vie 12-09 17,22
28079004,8,8,2,vie 12-09 18,21
28079004,8,8,2,vie 12-09 19,24
28079004,8,8,2,vie 12-09 20,43
28079004,8,8,2,vie 12-09 21,53
28079004,8,8,2,vie 12-09 22,38
28079004,8,8,2,vie 12-09 23,27
28079004,8,8,2,sáb 13-09 00,43
28079004,8,8,2,sáb 13-09 01,46
28079004,8,8,2,sáb 13-09 02,47
28079004,8,8,2,sáb 13-09 03,44
28079004,8,8,2,sáb 13-09 04,41
28079004,8,8,2,sáb 13-09 05,40
28079004,8,8,2,sáb 13-09 06,41
28079004,8,8,2,sáb 13-09 07,38
28079004,8,8,2,sáb 13-09 08,36
28079004,8,8,2,sáb 13-09 09,41
28079004,8,8,2,sáb 13-09 10,48
28079004,8,8,2,sáb 13-09 11,45
28079004,8,8,2,sáb 13-09 12,48
28079004,8,8,2,sáb 13-09 13,21
28079004,8,8,2,sáb 13-09 14,13
28079004,8,8,2,sáb 13-09 15,13
28079004,8,8,2,sáb 13-09 16,24
28079004,8,8,2,sáb 13-09 17,25
28079004,8,8,2,sáb 13-09 18,29
28079004,8,8,2,sáb 13-09 19,37
28079004,8,8,2,sáb 13-09 20,34
28079004,8,8,2,sáb 13-09 21,44
28079004,8,8,2,sáb 13-09 22,49
28079004,8,8,2,sáb 13-09 23,56
28079004,8,8,2,dom 14-09 00,73
28079004,8,8,2,dom 14-09 01,45
28079004,8,8,2,dom 14-09 02,64
28079004,8,8,2,dom 14-09 03,50
28079004,8,8,2,dom 14-09 04,57
28079004,8,8,2,dom 14-09 05,44
28079004,8,8,2,dom 14-09 06,34
28079004,8,8,2,dom 14-09 07,49
28079004,8,8,2,dom 14-09 08,48
28079004,8,8,2,dom 14-09 09,40
28079004,8,8,2,dom 14-09 10,31
28079004,8,8,2,dom 14-09 11,26
28079004,8,8,2,dom 14-09 12,21
28079004,8,8,2,dom 14-09 13,16
28079004,8,8,2,dom 14-09 14,12
28079004,8,8,2,dom 14-09 15,9
28079004,8,8,2,dom 14-09 16,9
28079004,8,8,2,dom 14-09 17,9
28079004,8,8,2,dom 14-09 18,13
28079004,8,8,2,dom 14-09 19,15
28079004,8,8,2,dom 14-09 20,22
28079004,8,8,2,dom 14-09 21,34
28079004,8,8,2,dom 14-09 22,40
28079004,8,8,2,dom 14-09 23,44
28079004,8,8,2,lun 15-09 00,36
28079004,8,8,2,lun 15-09 01,52
28079004,8,8,2,lun 15-09 02,26
28079004,8,8,2,lun 15-09 03,6
28079004,8,8,2,lun 15-09 04,6
28079004,8,8,2,lun 15-09 05,10
28079004,8,8,2,lun 15-09 06,20
28079004,8,8,2,lun 15-09 07,46
28079004,8,8,2,lun 15-09 08,62
28079004,8,8,2,lun 15-09 09,59
28079004,8,8,2,lun 15-09 10,40
28079004,8,8,2,lun 15-09 11,24
28079004,8,8,2,lun 15-09 12,19
28079004,8,8,2,lun 15-09 13,23
28079004,8,8,2,lun 15-09 14,21
28079004,8,8,2,lun 15-09 15,15
28079004,8,8,2,lun 15-09 16,18
28079004,8,8,2,lun 15-09 17,18
28079004,8,8,2,lun 15-09 18,26
28079004,8,8,2,lun 15-09 19,30
28079004,8,8,2,lun 15-09 20,43
28079004,8,8,2,lun 15-09 21,71
28079004,8,8,2,lun 15-09 22,77
28079004,8,8,2,lun 15-09 23,75
28079004,8,8,2,mar 16-09 00,60
28079004,8,8,2,mar 16-09 01,52
28079004,8,8,2,mar 16-09 02,45
28079004,8,8,2,mar 16-09 03,40
28079004,8,8,2,mar 16-09 04,37
28079004,8,8,2,mar 16-09 05,35
28079004,8,8,2,mar 16-09 06,46
28079004,8,8,2,mar 16-09 07,62
28079004,8,8,2,mar 16-09 08,73
28079004,8,8,2,mar 16-09 09,65
28079004,8,8,2,mar 16-09 10,40
28079004,8,8,2,mar 16-09 11,39
28079004,8,8,2,mar 16-09 12,41
28079004,8,8,2,mar 16-09 13,30
28079004,8,8,2,mar 16-09 14,23
28079004,8,8,2,mar 16-09 15,23
28079004,8,8,2,mar 16-09 16,27
28079004,8,8,2,mar 16-09 17,30
28079004,8,8,2,mar 16-09 18,26
28079004,8,8,2,mar 16-09 19,29
28079004,8,8,2,mar 16-09 20,27
28079004,8,8,2,mar 16-09 21,20
28079004,8,8,2,mar 16-09 22,15
28079004,8,8,2,mar 16-09 23,17
28079004,8,8,2,mié 17-09 00,9
28079004,8,8,2,mié 17-09 01,8
28079004,8,8,2,mié 17-09 02,11
28079004,8,8,2,mié 17-09 03,16
28079004,8,8,2,mié 17-09 04,15
28079004,8,8,2,mié 17-09 05,19
28079004,8,8,2,mié 17-09 06,24
28079004,8,8,2,mié 17-09 07,48
28079004,8,8,2,mié 17-09 08,50
28079004,8,8,2,mié 17-09 09,49
28079004,8,8,2,mié 17-09 10,44
28079004,8,8,2,mié 17-09 11,34
28079004,8,8,2,mié 17-09 12,30
28079004,8,8,2,mié 17-09 13,29
28079004,8,8,2,mié 17-09 14,22
28079004,8,8,2,mié 17-09 15,20
28079004,8,8,2,mié 17-09 16,21
28079004,8,8,2,mié 17-09 17,18
28079004,8,8,2,mié 17-09 18,27
28079004,8,8,2,mié 17-09 19,40
28079004,8,8,2,mié 17-09 20,37
28079004,8,8,2,mié 17-09 21,33
28079004,8,8,2,mié 17-09 22,33
28079004,8,8,2,mié 17-09 23,41
28079004,8,8,2,jue 18-09 00,28
28079004,8,8,2,jue 18-09 01,10
28079004,8,8,2,jue 18-09 02,11
28079004,8,8,2,jue 18-09 03,14
28079004,8,8,2,jue 18-09 04,16
28079004,8,8,2,jue 18-09 05,23
28079004,8,8,2,jue 18-09 06,33
28079004,8,8,2,jue 18-09 07,44
28079004,8,8,2,jue 18-09 08,49
28079004,8,8,2,jue 18-09 09,45
28079004,8,8,2,jue 18-09 10,33
28079004,8,8,2,jue 18-09 11,37
28079004,8,8,2,jue 18-09 12,28
28079004,8,8,2,jue 18-09 13,26
28079004,8,8,2,jue 18-09 14,23
28079004,8,8,2,jue 18-09 15,17
28079004,8,8,2,jue 18-09 16,21
28079004,8,8,2,jue 18-09 17,28
28079004,8,8,2,jue 18-09 18,29
28079004,8,8,2,jue 18-09 19,40
28079004,8,8,2,jue 18-09 20,51
28079004,8,8,2,jue 18-09 21,50
28079004,8,8,2,jue 18-09 22,58
28079004,8,8,2,jue 18-09 23,41
28079004,8,8,2,vie 19-09 00,39
28079004,8,8,2,vie 19-09 01,41
28079004,8,8,2,vie 19-09 02,26
28079004,8,8,2,vie 19-09 03,29
28079004,8,8,2,vie 19-09 04,29
28079004,8,8,2,vie 19-09 05,30
28079004,8,8,2,vie 19-09 06,31
28079004,8,8,2,vie 19-09 07,44
28079004,8,8,2,vie 19-09 08,48
28079004,8,8,2,vie 19-09 09,48
28079004,8,8,2,vie 19-09 10,41
28079004,8,8,2,vie 19-09 11,30
28079004,8,8,2,vie 19-09 12,27
28079004,8,8,2,vie 19-09 13,26
28079004,8,8,2,vie 19-09 14,21
28079004,8,8,2,vie 19-09 15,28
28079004,8,8,2,vie 19-09 16,27
28079004,8,8,2,vie 19-09 17,22
28079004,8,8,2,vie 19-09 18,22
28079004,8,8,2,vie 19-09 19,25
28079004,8,8,2,vie 19-09 20,55
28079004,8,8,2,vie 19-09 21,45
28079004,8,8,2,vie 19-09 22,46
28079004,8,8,2,vie 19-09 23,50
28079004,8,8,2,sáb 20-09 00,58
28079004,8,8,2,sáb 20-09 01,48
28079004,8,8,2,sáb 20-09 02,33
28079004,8,8,2,sáb 20-09 03,23
28079004,8,8,2,sáb 20-09 04,20
28079004,8,8,2,sáb 20-09 05,17
28079004,8,8,2,sáb 20-09 06,23
28079004,8,8,2,sáb 20-09 07,18
28079004,8,8,2,sáb 20-09 08,16
28079004,8,8,2,sáb 20-09 09,25
28079004,8,8,2,sáb 20-09 10,35
28079004,8,8,2,sáb 20-09 11,28
28079004,8,8,2,sáb 20-09 12,25
28079004,8,8,2,sáb 20-09 13,27
28079004,8,8,2,sáb 20-09 14,17
28079004,8,8,2,sáb 20-09 15,9
28079004,8,8,2,sáb 20-09 16,13
28079004,8,8,2,sáb 20-09 17,21
28079004,8,8,2,sáb 20-09 18,22
28079004,8,8,2,sáb 20-09 19,30
28079004,8,8,2,sáb 20-09 20,78
28079004,8,8,2,sáb 20-09 21,81
28079004,8,8,2,sáb 20-09 22,94
28079004,8,8,2,sáb 20-09 23,80
28079004,8,8,2,dom 21-09 00,64
28079004,8,8,2,dom 21-09 01,58
28079004,8,8,2,dom 21-09 02,29
28079004,8,8,2,dom 21-09 03,34
28079004,8,8,2,dom 21-09 04,47
28079004,8,8,2,dom 21-09 05,45
28079004,8,8,2,dom 21-09 06,30
28079004,8,8,2,dom 21-09 07,31
28079004,8,8,2,dom 21-09 08,36
28079004,8,8,2,dom 21-09 09,16
28079004,8,8,2,dom 21-09 10,15
28079004,8,8,2,dom 21-09 11,27
28079004,8,8,2,dom 21-09 12,29
28079004,8,8,2,dom 21-09 13,29
28079004,8,8,2,dom 21-09 14,22
28079004,8,8,2,dom 21-09 15,15
28079004,8,8,2,dom 21-09 16,14
28079004,8,8,2,dom 21-09 17,24
28079004,8,8,2,dom 21-09 18,29
28079004,8,8,2,dom 21-09 19,42
28079004,8,8,2,dom 21-09 20,67
28079004,8,8,2,dom 21-09 21,37
28079004,8,8,2,dom 21-09 22,41
28079004,8,8,2,dom 21-09 23,16
28079004,8,8,2,lun 22-09 00,6
28079004,8,8,2,lun 22-09 01,10
28079004,8,8,2,lun 22-09 02,11
28079004,8,8,2,lun 22-09 03,11
28079004,8,8,2,lun 22-09 04,8
28079004,8,8,2,lun 22-09 05,10
28079004,8,8,2,lun 22-09 06,25
28079004,8,8,2,lun 22-09 07,45
28079004,8,8,2,lun 22-09 08,45
28079004,8,8,2,lun 22-09 09,55
28079004,8,8,2,lun 22-09 10,57
28079004,8,8,2,lun 22-09 11,47
28079004,8,8,2,lun 22-09 12,39
28079004,8,8,2,lun 22-09 13,39
28079004,8,8,2,lun 22-09 14,38
28079004,8,8,2,lun 22-09 15,33
28079004,8,8,2,lun 22-09 16,24
28079004,8,8,2,lun 22-09 17,24
28079004,8,8,2,lun 22-09 18,31
28079004,8,8,2,lun 22-09 19,31
28079004,8,8,2,lun 22-09 20,37
28079004,8,8,2,lun 22-09 21,48
28079004,8,8,2,lun 22-09 22,38
28079004,8,8,2,lun 22-09 23,34
28079004,8,8,2,mar 23-09 00,22
28079004,8,8,2,mar 23-09 01,12
28079004,8,8,2,mar 23-09 02,10
28079004,8,8,2,mar 23-09 03,9
28079004,8,8,2,mar 23-09 04,9
28079004,8,8,2,mar 23-09 05,13
28079004,8,8,2,mar 23-09 06,17
28079004,8,8,2,mar 23-09 07,34
28079004,8,8,2,mar 23-09 08,38
28079004,8,8,2,mar 23-09 09,40
28079004,8,8,2,mar 23-09 10,47
28079004,8,8,2,mar 23-09 11,44
28079004,8,8,2,mar 23-09 12,31
28079004,8,8,2,mar 23-09 13,28
28079004,8,8,2,mar 23-09 14,22
28079004,8,8,2,mar 23-09 15,18
28079004,8,8,2,mar 23-09 16,16
28079004,8,8,2,mar 23-09 17,21
28079004,8,8,2,mar 23-09 18,29
28079004,8,8,2,mar 23-09 19,39
28079004,8,8,2,mar 23-09 20,27
28079004,8,8,2,mar 23-09 21,48
28079004,8,8,2,mar 23-09 22,43
28079004,8,8,2,mar 23-09 23,35
28079004,8,8,2,mié 24-09 00,33
28079004,8,8,2,mié 24-09 01,18
28079004,8,8,2,mié 24-09 02,19
28079004,8,8,2,mié 24-09 03,36
28079004,8,8,2,mié 24-09 04,34
28079004,8,8,2,mié 24-09 05,9
28079004,8,8,2,mié 24-09 06,6
28079004,8,8,2,mié 24-09 07,38
28079004,8,8,2,mié 24-09 08,70
28079004,8,8,2,mié 24-09 09,71
28079004,8,8,2,mié 24-09 10,59
28079004,8,8,2,mié 24-09 11,42
28079004,8,8,2,mié 24-09 12,34
28079004,8,8,2,mié 24-09 13,29
28079004,8,8,2,mié 24-09 14,26
28079004,8,8,2,mié 24-09 15,23
28079004,8,8,2,mié 24-09 16,29
28079004,8,8,2,mié 24-09 17,40
28079004,8,8,2,mié 24-09 18,43
28079004,8,8,2,mié 24-09 19,79
28079004,8,8,2,mié 24-09 20,65
28079004,8,8,2,mié 24-09 21,71
28079004,8,8,2,mié 24-09 22,65
28079004,8,8,2,mié 24-09 23,45
28079004,8,8,2,jue 25-09 00,20
28079004,8,8,2,jue 25-09 01,12
28079004,8,8,2,jue 25-09 02,7
28079004,8,8,2,jue 25-09 03,6
28079004,8,8,2,jue 25-09 04,5
28079004,8,8,2,jue 25-09 05,6
28079004,8,8,2,jue 25-09 06,12
28079004,8,8,2,jue 25-09 07,25
28079004,8,8,2,jue 25-09 08,47
28079004,8,8,2,jue 25-09 09,42
28079004,8,8,2,jue 25-09 10,35
28079004,8,8,2,jue 25-09 11,28
28079004,8,8,2,jue 25-09 12,25
28079004,8,8,2,jue 25-09 13,21
28079004,8,8,2,jue 25-09 14,22
28079004,8,8,2,jue 25-09 15,25
28079004,8,8,2,jue 25-09 16,25
28079004,8,8,2,jue 25-09 17,25
28079004,8,8,2,jue 25-09 18,31
28079004,8,8,2,jue 25-09 19,50
28079004,8,8,2,jue 25-09 20,82
28079004,8,8,2,jue 25-09 21,107
28079004,8,8,2,jue 25-09 22,86
28079004,8,8,2,jue 25-09 23,48
28079004,8,8,2,vie 26-09 00,68
28079004,8,8,2,vie 26-09 01,57
28079004,8,8,2,vie 26-09 02,39
28079004,8,8,2,vie 26-09 03,15
28079004,8,8,2,vie 26-09 04,16
28079004,8,8,2,vie 26-09 05,17
28079004,8,8,2,vie 26-09 06,21
28079004,8,8,2,vie 26-09 07,38
28079004,8,8,2,vie 26-09 08,60
28079004,8,8,2,vie 26-09 09,61
28079004,8,8,2,vie 26-09 10,58
28079004,8,8,2,vie 26-09 11,62
28079004,8,8,2,vie 26-09 12,43
28079004,8,8,2,vie 26-09 13,37
28079004,8,8,2,vie 26-09 14,40
28079004,8,8,2,vie 26-09 15,38
28079004,8,8,2,vie 26-09 16,30
28079004,8,8,2,vie 26-09 17,32
28079004,8,8,2,vie 26-09 18,55
28079004,8,8,2,vie 26-09 19,58
28079004,8,8,2,vie 26-09 20,86
28079004,8,8,2,vie 26-09 21,117
28079004,8,8,2,vie 26-09 22,115
28079004,8,8,2,vie 26-09 23,93
28079004,8,8,2,sáb 27-09 00,76
28079004,8,8,2,sáb 27-09 01,77
28079004,8,8,2,sáb 27-09 02,56
28079004,8,8,2,sáb 27-09 03,42
28079004,8,8,2,sáb 27-09 04,26
28079004,8,8,2,sáb 27-09 05,24
28079004,8,8,2,sáb 27-09 06,22
28079004,8,8,2,sáb 27-09 07,27
28079004,8,8,2,sáb 27-09 08,32
28079004,8,8,2,sáb 27-09 09,28
28079004,8,8,2,sáb 27-09 10,28
28079004,8,8,2,sáb 27-09 11,26
28079004,8,8,2,sáb 27-09 12,25
28079004,8,8,2,sáb 27-09 13,29
28079004,8,8,2,sáb 27-09 14,27
28079004,8,8,2,sáb 27-09 15,21
28079004,8,8,2,sáb 27-09 16,21
28079004,8,8,2,sáb 27-09 17,38
28079004,8,8,2,sáb 27-09 18,44
28079004,8,8,2,sáb 27-09 19,56
28079004,8,8,2,sáb 27-09 20,60
28079004,8,8,2,sáb 27-09 21,50
28079004,8,8,2,sáb 27-09 22,43
28079004,8,8,2,sáb 27-09 23,28
28079004,8,8,2,dom 28-09 00,22
28079004,8,8,2,dom 28-09 01,34
28079004,8,8,2,dom 28-09 02,39
28079004,8,8,2,dom 28-09 03,26
28079004,8,8,2,dom 28-09 04,23
28079004,8,8,2,dom 28-09 05,27
28079004,8,8,2,dom 28-09 06,25
28079004,8,8,2,dom 28-09 07,22
28079004,8,8,2,dom 28-09 08,26
28079004,8,8,2,dom 28-09 09,24
28079004,8,8,2,dom 28-09 10,26
28079004,8,8,2,dom 28-09 11,19
28079004,8,8,2,dom 28-09 12,25
28079004,8,8,2,dom 28-09 13,26
28079004,8,8,2,dom 28-09 14,34
28079004,8,8,2,dom 28-09 15,38
28079004,8,8,2,dom 28-09 16,30
28079004,8,8,2,dom 28-09 17,29
28079004,8,8,2,dom 28-09 18,44
28079004,8,8,2,dom 28-09 19,50
28079004,8,8,2,dom 28-09 20,60
28079004,8,8,2,dom 28-09 21,70
28079004,8,8,2,dom 28-09 22,70
28079004,8,8,2,dom 28-09 23,61
28079004,8,8,2,lun 29-09 00,49
28079004,8,8,2,lun 29-09 01,45
28079004,8,8,2,lun 29-09 02,35
28079004,8,8,2,lun 29-09 03,38
28079004,8,8,2,lun 29-09 04,31
28079004,8,8,2,lun 29-09 05,32
28079004,8,8,2,lun 29-09 06,24
28079004,8,8,2,lun 29-09 07,31
28079004,8,8,2,lun 29-09 08,37
28079004,8,8,2,lun 29-09 09,37
28079004,8,8,2,lun 29-09 10,42
28079004,8,8,2,lun 29-09 11,52
28079004,8,8,2,lun 29-09 12,53
28079004,8,8,2,lun 29-09 13,33
28079004,8,8,2,lun 29-09 14,27
28079004,8,8,2,lun 29-09 15,21
28079004,8,8,2,lun 29-09 16,20
28079004,8,8,2,lun 29-09 17,21
28079004,8,8,2,lun 29-09 18,28
28079004,8,8,2,lun 29-09 19,43
28079004,8,8,2,lun 29-09 20,74
28079004,8,8,2,lun 29-09 21,80
28079004,8,8,2,lun 29-09 22,76
28079004,8,8,2,lun 29-09 23,70
28079004,8,8,2,mar 30-09 00,52
28079004,8,8,2,mar 30-09 01,38
28079004,8,8,2,mar 30-09 02,29
28079004,8,8,2,mar 30-09 03,27
28079004,8,8,2,mar 30-09 04,19
28079004,8,8,2,mar 30-09 05,17
28079004,8,8,2,mar 30-09 06,18
28079004,8,8,2,mar 30-09 07,26
28079004,8,8,2,mar 30-09 08,38
28079004,8,8,2,mar 30-09 09,49
28079004,8,8,2,mar 30-09 10,58
28079004,8,8,2,mar 30-09 11,51
28079004,8,8,2,mar 30-09 12,46
28079004,8,8,2,mar 30-09 13,39
28079004,8,8,2,mar 30-09 14,37
28079004,8,8,2,mar 30-09 15,30
28079004,8,8,2,mar 30-09 16,30
28079004,8,8,2,mar 30-09 17,34
28079004,8,8,2,mar 30-09 18,66
28079004,8,8,2,mar 30-09 19,73
28079004,8,8,2,mar 30-09 20,122
28079004,8,8,2,mar 30-09 21,128
28079004,8,8,2,mar 30-09 22,99
28079004,8,8,2,mar 30-09 23,75
